split,loss,acc,macro_precision,macro_recall,macro_f1,rows
val,0.009895952812656497,0.997867803837953,0.7315496958740142,0.7439551868252257,0.7375795844393452,11725
test,0.5874101690460923,0.8360476895503779,0.6222550939671435,0.5754229925720581,0.5808463083464698,12833
