split,loss,acc,precision,recall,f1,rows,tn,fp,fn,tp
val,0.02278786607889139,0.9924985116094464,0.9922978177150192,0.99153412006157,0.991915821891441,25195,13411,90,99,11595
test,1.419955934688919,0.7758605393896381,0.9256949004158459,0.6591599781812515,0.7700150197988258,22544,9032,679,4374,8459
